Move #	Angle (radians)	Distance(cells)
0	1.051650212548374	8.06225774829855
1	0.40848889307262626	9.055385138137417
2	-3.875089418529068	24.08318915758459
3	0.028462062796947518	23.345235059857504
4	0.030293759918775143	8.48528137423857
5	3.141592653589793	7.0710678118654755
6	-0.2368487609469203	21.095023109728988
7	-0.16023068427806186	23.769728648009426
