Move #	Angle (radians)	Distance(cells)
0	0.4048917862850834	7.615773105863909
1	-0.4048917862850834	7.0
2	-2.356194490192345	22.627416997969522
3	0.03997868712329011	17.69180601295413
4	0.15741687272659077	7.211102550927978
5	0.5880026035475675	2.0
6	2.498091544796509	20.0
7	-0.11751164543144554	29.0
