Move #	Angle (radians)	Distance(cells)
0	-2.9441970937399127	5.0990195135927845
1	0.5480239164242776	17.69180601295413
2	0.03997868712329	19.79898987322333
3	-0.7853981633974483	4.0
4	4.124386376837123	7.211102550927978
5	-0.29706421234104274	14.212670403551895
6	-0.2433552879295413	21.02379604162864
7	0.3030452532974133	17.69180601295413
