Move #	Angle (radians)	Distance(cells)
0	0.7086262721276704	9.219544457292887
1	0.1535437825395558	9.219544457292887
2	-3.303869838537776	24.839484696748443
3	0.15681275846349507	19.849433241279208
4	0.8247479197860546	9.055385138137417
5	1.460139105621	1.0
6	-4.4674103172578254	8.246211251235321
7	5.510132195626363	13.892443989449804
8	-0.4759926608450309	26.076809620810597
